Nomor,Umur,Tanggal,Hari,Jenis,Nama,Kode,Kuantitas,Unit,Metode Pembayaran,Harga Penjualan
1,50,12/3/2023,Monday,Slingbag,CH,91820LOP,2,pcs,Cash,537143
2,42,12/24/2023,Saturday,Dompet,Tumi,2020,2,pcs,Cashless,202717
3,55,12/8/2023,Tuesday,Bag,GW,9602,3,pcs,Cash,202967
4,30,12/31/2023,Friday,Bag,LV,2020,2,pcs,Cashless,136335
5,48,12/16/2023,Friday,Bag,GW,SL002,2,pcs,Cash,420975
6,49,12/12/2023,Monday,Bag,Fashion,2391,2,pcs,Cashless,323384
7,25,12/26/2023,Monday,Bag,Fashion,91KLPO,2,pcs,Cash,355885
8,19,12/24/2023,Saturday,Dompet,CK,662,2,pcs,Cashless,545110
9,37,12/13/2023,Sunday,Bag,CH,L-3921,2,pcs,Cashless,254467
10,44,12/30/2023,Wednesday,Ransel,BLY,7421,2,pcs,Cash,233327
11,30,12/2/2023,Monday,Bag,Kartu,71LOP0,2,pcs,Cash,393421
12,38,12/9/2023,Thursday,Bag,Gyd,60017,2,pcs,Cashless,75862
13,36,12/3/2023,Saturday,Bag,TM,381,2,pcs,Cashless,225846
14,33,12/15/2023,Tuesday,Bag,TB,6275,2,pcs,Cashless,355768
15,46,12/4/2023,Friday,Bag,Fashion,609,2,pcs,Cashless,340119
16,47,12/13/2023,Saturday,Handbag,Kp,CL120321,2,pcs,Cash,398689
17,36,12/24/2023,Friday,Gantungan,LC,71LOP0,3,pcs,Cashless,0
18,48,12/13/2023,Saturday,Dompet,CH,8021,2,pcs,Cash,333919
19,40,12/15/2023,Tuesday,Dompet,GW,2020,2,pcs,Cash,423534
20,30,12/13/2023,Friday,Dompet,HP,71LOP0,2,pcs,Cash,352982
21,52,12/29/2023,Wednesday,Dompet,CH,83838,2,pcs,Cashless,305319
22,25,12/17/2023,Sunday,Bag,LV,L-3922,2,pcs,Cash,256201
23,32,12/26/2023,Wednesday,Dompet,CH,3821,2,pcs,Cash,118065
24,27,12/9/2023,Friday,Bag,LV,606,2,pcs,Cashless,506361
25,30,12/23/2023,Thursday,Bag,Kartu,3214,2,pcs,Cash,236048
26,36,12/24/2023,Tuesday,Bag,Fashion,1082,2,pcs,Cash,272604
27,37,12/28/2023,Saturday,Gantungan,CH,8PKSL,2,pcs,Cashless,112391
28,37,12/26/2023,Friday,Slingbag,Gyd,L-3921,2,pcs,Cashless,330931
29,28,12/15/2023,Friday,Ransel,Nobol,6611,2,pcs,Cash,566345
30,23,12/17/2023,Monday,Gantungan,LC,2391,1,pcs,Cashless,305592
31,45,12/21/2023,Sunday,Bag,selempang,4,2,pcs,Cash,315434
32,35,12/23/2023,Tuesday,Bag,Kp,7791,2,pcs,Cashless,283106
33,36,12/12/2023,Tuesday,Dompet,Pakaian,6902,2,pcs,Cashless,0
34,38,12/24/2023,Thursday,Gantungan,Fashion,HA777,3,pcs,Cashless,368901
35,45,12/29/2023,Wednesday,Bag,Kp,1890,3,pcs,Cashless,161874
36,28,12/22/2023,Friday,Bag,KP,CL120321,2,pcs,Cash,190245
37,31,12/25/2023,Wednesday,Dompet,KP,PLO78,2,pcs,Cashless,241006
38,35,12/19/2023,Friday,Bag,Gyd,KSN91,2,pcs,Cashless,341706
39,37,12/19/2023,Saturday,Bag,Set,H-3221,2,pcs,Cash,275643
40,36,12/20/2023,Friday,Bag,Gyd,472,2,pcs,Cashless,161658
41,43,12/11/2023,Friday,Dompet,CH,CCH,2,pcs,Cash,372258
42,38,12/11/2023,Wednesday,Bag,Kp,DPT9,2,pcs,Cashless,391128
43,43,12/15/2023,Thursday,Handbag,Fashion,71LOP0,3,pcs,Cash,452041
44,37,12/21/2023,Tuesday,Dompet,LV,91KLPO,1,pcs,Cashless,299977
45,34,12/19/2023,Monday,Dompet,Fashion,SL002,1,pcs,Cash,325068
46,39,12/2/2023,Sunday,Dompet,HP,9602,1,pcs,Cash,0
47,23,12/16/2023,Friday,Ransel,GW,9602,2,pcs,Cashless,57462
48,23,12/29/2023,Friday,Slingbag,LC,91KLPO,2,pcs,Cashless,306238
49,24,12/29/2023,Thursday,Dompet,Fashion,71LOP0,3,pcs,Cashless,274617
50,41,12/5/2023,Friday,Bag,Fashion,Kunci,2,pcs,Cash,54247
51,28,12/7/2023,Saturday,Ransel,LV,9605,3,pcs,Cash,159850
52,39,12/8/2023,Wednesday,Bag,Kartu,DPT9,2,pcs,Cashless,257571
53,34,12/22/2023,Saturday,Bag,LV,2038,2,pcs,Cashless,274868
54,40,12/19/2023,Friday,Dompet,Boss,CCH,2,pcs,Cash,0
55,44,12/28/2023,Saturday,Handbag,GC,LA129,2,pcs,Cash,404724
56,26,12/17/2023,Sunday,Dompet,LC,L0918J,2,pcs,Cashless,0
57,28,12/24/2023,Friday,Dompet,BLY,9382,2,pcs,Cash,446151
58,45,12/21/2023,Tuesday,Dompet,TB,20201,2,pcs,Cashless,391611
59,32,12/26/2023,Friday,Dompet,Gyd,4,2,pcs,Cash,329761
60,48,12/19/2023,Sunday,Bag,Fashion,230892,2,pcs,Cash,417774
61,21,12/29/2023,Thursday,Bag,LC,71LOP0,2,pcs,Cashless,234572
62,40,12/19/2023,Tuesday,Bag,Fashion,2924,2,pcs,Cashless,195985
63,47,12/15/2023,Sunday,Dompet,Kunci,8YU61,2,pcs,Cashless,355855
64,39,12/19/2023,Thursday,Bag,CK,7423,2,pcs,Cashless,447261
65,30,12/7/2023,Tuesday,Trolley,KP,6421,2,pcs,Cash,0
66,38,12/26/2023,Wednesday,Dompet,cwk,309,2,pcs,Cash,196628
67,31,12/23/2023,Saturday,Koper,FK,1688,2,pcs,Cash,0
68,26,12/24/2023,Friday,Bag,HM,89128,2,pcs,Cash,19757
69,27,12/23/2023,Sunday,Bag,LV,G0298,2,pcs,Cashless,0
70,40,12/24/2023,Friday,Koper,LV,91820LOP,2,pcs,Cash,348968
71,32,12/15/2023,Friday,Bag,CH,L-3922,2,pcs,Cashless,213516
72,37,12/10/2023,Thursday,Bag,Fashion,6227,2,pcs,Cashless,146636
73,23,12/13/2023,Sunday,Bag,LC,3123,2,pcs,Cashless,368955
74,36,12/17/2023,Thursday,Bag,CL,625,2,pcs,Cashless,107146
75,29,12/14/2023,Friday,Ransel,HP,8PKSL,2,pcs,Cashless,270550
76,32,12/16/2023,Tuesday,Bag,Koin,606,2,pcs,Cashless,215337
77,35,12/31/2023,Friday,Bag,Jeep,SL002,2,pcs,Cashless,304812
78,45,12/2/2023,Sunday,Handbag,Fashion,3105,2,pcs,Cash,117251
79,27,12/13/2023,Friday,Dompet,CH,4,2,pcs,Cash,6480
80,35,12/23/2023,Friday,Dompet,Fashion,312,2,pcs,Cashless,415578
81,35,12/26/2023,Sunday,Dompet,LV,6902,2,pcs,Cashless,386520
82,50,12/29/2023,Friday,Dompet,LC,811,2,pcs,Cashless,13687
83,31,12/7/2023,Monday,Bag,LCST,8PKSL,2,pcs,Cashless,233209
84,13,12/30/2023,Sunday,Bag,BLY,1632,2,pcs,Cashless,198099
85,40,12/5/2023,Sunday,Trolley,sport,Mini,2,pcs,Cash,262394
86,22,12/3/2023,Saturday,Handbag,LV,625,2,pcs,Cash,215784
87,35,12/9/2023,Thursday,Bag,Jeep,89128,2,pcs,Cashless,240764
88,40,12/2/2023,Sunday,Handbag,Fashion,505822,2,pcs,Cash,411401
89,42,12/16/2023,Wednesday,Gantungan,CK,2319,2,pcs,Cashless,287550
90,31,12/31/2023,Friday,Dompet,CK,1,3,pcs,Cash,174414
91,38,12/20/2023,Tuesday,Ransel,LC,L0918J,2,pcs,Cashless,394865
92,27,12/9/2023,Monday,Dompet,MB,14,2,pcs,Cash,271181
93,34,12/18/2023,Monday,Dompet,BLCG,1880,2,pcs,Cash,206718
94,30,12/24/2023,Saturday,Bag,HM,G0298,2,pcs,Cash,389160
95,47,12/2/2023,Sunday,Dompet,LV,L0918J,2,pcs,Cash,176407
96,43,12/10/2023,Sunday,Slingbag,KP,2391,2,pcs,Cashless,120686
97,33,12/12/2023,Friday,Dompet,CH,1939,2,pcs,Cashless,205152
98,46,12/8/2023,Monday,Handbag,Set,GC,2,pcs,Cashless,547468
99,36,12/23/2023,Friday,Trolley,LC,8802,2,pcs,Cashless,442291
100,43,12/3/2023,Sunday,Bag,Koin,3811,2,pcs,Cashless,271512
101,56,12/15/2023,Saturday,Ransel,YSL,9972,2,pcs,Cashless,557499
102,27,12/19/2023,Thursday,Bag,Fashion,7215,2,pcs,Cash,89099
103,29,12/24/2023,Sunday,Slingback,Kartu,71LOP0,2,pcs,Cash,288481
104,29,12/15/2023,Sunday,Dompet,LC,T2932,2,pcs,Cashless,169153
105,59,12/17/2023,Friday,Bag,LV,KSN91,3,pcs,Cash,445708
106,33,12/31/2023,Sunday,Bag,Tote,309,2,pcs,Cash,330392
107,35,12/22/2023,Saturday,Ransel,LC,60023,2,pcs,Cash,239002
108,44,12/22/2023,Saturday,Dompet,Fashion,9026-1,2,pcs,Cash,226096
109,23,12/23/2023,Monday,Bag,LC,662,2,pcs,Cash,435092
110,34,12/9/2023,Thursday,Bag,CK,3105,2,pcs,Cashless,248110
111,34,12/26/2023,Saturday,Bag,Tumi,91820LOP,2,pcs,Cashless,339966
112,50,12/29/2023,Thursday,Dompet,Kunci,A01,2,pcs,Cash,327418
113,46,12/12/2023,Sunday,Bag,CH,71LOP0,2,pcs,Cash,73231
114,36,12/15/2023,Saturday,Bag,CK,S002,2,pcs,Cashless,0
115,43,12/7/2023,Saturday,Bag,MB,949,2,pcs,Cash,301510
116,44,12/30/2023,Saturday,Bag,LV,8YU61,2,pcs,Cashless,256290
117,36,12/3/2023,Monday,Passport,Tumi,2038,2,pcs,Cash,491635
118,27,12/9/2023,Tuesday,Ransel,Gyd,71LOP0,2,pcs,Cashless,83106
119,41,12/17/2023,Thursday,Ransel,LC,425,2,pcs,Cash,190269
120,36,12/7/2023,Saturday,Dompet,GW,GW,2,pcs,Cashless,29616
121,38,12/26/2023,Friday,Bag,CH,4,3,pcs,Cash,385157
122,32,12/11/2023,Sunday,Bag,LC,4,3,pcs,Cash,308074
123,44,12/5/2023,Saturday,Bag,Kp,2021,2,pcs,Cash,169016
124,26,12/23/2023,Thursday,Slingbag,CH,88098,2,pcs,Cashless,140108
125,39,12/2/2023,Tuesday,Bag,CH,83838,2,pcs,Cashless,321052
126,34,12/31/2023,Sunday,Bag,LV,112,3,pcs,Cash,454496
127,46,12/29/2023,Tuesday,Bag,LC,3214,2,pcs,Cashless,112050
128,23,12/7/2023,Saturday,Bag,Kunci,RLSH,2,pcs,Cashless,285776
129,36,12/22/2023,Sunday,Handbag,BLCG,662,3,pcs,Cash,237740
130,22,12/23/2023,Friday,Bag,GC,1291,2,pcs,Cashless,125799
131,31,12/23/2023,Saturday,Slingbag,Kartu,71LOP0,2,pcs,Cashless,131423
132,25,12/5/2023,Saturday,Bag,LV,Fashion,2,pcs,Cashless,371136
133,50,12/18/2023,Wednesday,Bag,Koin,SPLTRT6,2,pcs,Cashless,248599
134,35,12/2/2023,Thursday,Bag,Kunci,PLO78,2,pcs,Cash,229945
135,44,12/7/2023,Tuesday,Ransel,Fashion,88892,3,pcs,Cash,199743
136,36,12/2/2023,Monday,Handbag,Fashion,9602,3,pcs,Cashless,368130
137,31,12/15/2023,Thursday,Bag,CH,C2032,2,pcs,Cashless,157395
138,7,12/23/2023,Monday,Dompet,CH,34112,3,pcs,Cash,293926
139,21,12/10/2023,Friday,Gantungan,CH,3821,2,pcs,Cashless,254230
140,33,12/21/2023,Tuesday,Bag,Gyd,7283,2,pcs,Cash,115954
141,35,12/23/2023,Monday,Bag,Gyd,472,2,pcs,Cash,438092
142,43,12/8/2023,Sunday,Ransel,LC,CL120321,2,pcs,Cash,260723
143,24,12/30/2023,Sunday,Dompet,LV,4,2,pcs,Cashless,349145
144,5,12/18/2023,Thursday,Dompet,Gyd,89128,2,pcs,Cashless,361565
145,45,12/7/2023,Friday,Bag,LV,949,2,pcs,Cash,225214
146,48,12/2/2023,Friday,Bag,CH,1939,2,pcs,Cashless,17335
147,36,12/23/2023,Saturday,Bag,Nobol,948,2,pcs,Cashless,515603
148,25,12/25/2023,Thursday,Bag,BLCG,2391,2,pcs,Cashless,252068
149,32,12/9/2023,Saturday,Bag,Fashion,609,2,pcs,Cashless,264599
150,16,12/29/2023,Thursday,Dompet,Kartu,4,2,pcs,Cash,367151
151,35,12/31/2023,Saturday,Dompet,Fashion,625,3,pcs,Cash,221952
152,46,12/17/2023,Monday,Bag,Kunci,71LOP0,2,pcs,Cashless,571070
153,44,12/19/2023,Friday,Dompet,GC,1122,2,pcs,Cash,230586
154,42,12/28/2023,Tuesday,Bag,GW,6935,2,pcs,Cashless,257391
155,41,12/7/2023,Tuesday,Bag,KP,949,2,pcs,Cashless,266711
156,35,12/15/2023,Monday,Dompet,Fashion,8009,1,pcs,Cashless,203356
157,45,12/26/2023,Saturday,Bag,Fashion,2391,2,pcs,Cash,404736
158,48,12/24/2023,Friday,Dompet,Fashion,7423,2,pcs,Cashless,145872
159,13,12/26/2023,Saturday,Handbag,TB,303,2,pcs,Cashless,194412
160,49,12/29/2023,Thursday,Ransel,Nobol,4,2,pcs,Cash,238986
161,37,12/18/2023,Monday,Dompet,Fashion,62665,3,pcs,Cash,73609
162,41,12/30/2023,Monday,Bag,Fashion,60921,2,pcs,Cash,311009
163,55,12/3/2023,Friday,Bag,CH,1291,2,pcs,Cash,152338
164,36,12/12/2023,Monday,Slingbag,Kunci,60023,2,pcs,Cashless,343263
165,39,12/24/2023,Sunday,Bag,Fashion,949,2,pcs,Cashless,148688
166,32,12/15/2023,Friday,Dompet,CH,01LPK,2,pcs,Cashless,284841
167,39,12/10/2023,Monday,Dompet,CH,01LPK,3,pcs,Cashless,451110
168,43,12/21/2023,Friday,Bag,Kunci,"20""",2,pcs,Cash,423172
169,39,12/26/2023,Thursday,Dompet,Kp,S001,2,pcs,Cash,404907
170,33,12/20/2023,Friday,Bag,LV,4531,2,pcs,Cash,178811
171,35,12/23/2023,Tuesday,Bag,Polo,9605,3,pcs,Cashless,217919
172,25,12/2/2023,Sunday,Bag,TB,2218,1,pcs,Cashless,276746
173,45,12/23/2023,Wednesday,Bag,Fashion,625,2,pcs,Cash,164874
174,46,12/15/2023,Friday,Bag,CH,HA777,2,pcs,Cash,609042
175,30,12/16/2023,Friday,Ransel,selempang,8210,2,pcs,Cashless,379183
176,37,12/2/2023,Sunday,Ransel,Armn,606,2,pcs,Cashless,384987
177,38,12/19/2023,Sunday,Bag,CK,71LOP0,2,pcs,Cashless,227982
178,28,12/18/2023,Friday,Bag,set,T3020,2,pcs,Cashless,301336
179,45,12/22/2023,Friday,Bag,CH,C2822,2,pcs,Cashless,350426
180,26,12/29/2023,Saturday,Bag,Fashion,91820LOP,2,pcs,Cashless,280316
181,46,12/7/2023,Friday,Bag,GC,T2932,2,pcs,Cashless,251834
182,34,12/26/2023,Tuesday,Bag,HP,60123,2,pcs,Cash,240118
183,17,12/28/2023,Tuesday,Trolley,BLY,88892,2,pcs,Cashless,496018
184,46,12/23/2023,Sunday,Trolley,GC,2988,2,pcs,Cashless,218672
185,33,12/15/2023,Thursday,Bag,pakaian,2391,2,pcs,Cash,366443
186,33,12/5/2023,Thursday,Bag,Armn,1030,2,pcs,Cash,400680
187,31,12/14/2023,Sunday,Bag,pakaian,3102,2,pcs,Cashless,272698
188,48,12/5/2023,Sunday,Handbag,KP,89128,2,pcs,Cashless,141420
189,36,12/19/2023,Saturday,Dompet,Kartu,1632,2,pcs,Cashless,108754
190,14,12/15/2023,Saturday,Bag,LC,7UJ918,2,pcs,Cashless,34195
191,23,12/9/2023,Friday,Dompet,Fashion,4531,2,pcs,Cash,257193
192,29,12/7/2023,Saturday,Dompet,Bimba,2021,2,pcs,Cashless,91267
193,38,12/31/2023,Monday,Bag,CH,2312,2,pcs,Cash,211565
194,28,12/23/2023,Monday,Bag,LCST,FK,3,pcs,Cash,233396
195,28,12/8/2023,Friday,Bag,LC,71LOP0,2,pcs,Cashless,391102
196,46,12/17/2023,Tuesday,Bag,CH,7421,2,pcs,Cashless,173044
197,38,12/5/2023,Saturday,Bag,Tods,8008,2,pcs,Cash,187720
198,25,12/19/2023,Friday,Bag,GW,3105,2,pcs,Cashless,385764
199,34,12/16/2023,Sunday,Dompet,Fashion,71LOP0,2,pcs,Cash,353570
200,41,12/8/2023,Friday,Gantungan,GC,SPLTRT6,2,pcs,Cash,412105
201,28,12/16/2023,Friday,Handbag,Bimba,320,2,pcs,Cash,131458
202,43,12/11/2023,Friday,Ransel,Ny,74,2,pcs,Cashless,310481
203,23,12/10/2023,Sunday,Dompet,Set,4,2,pcs,Cash,314926
204,42,12/13/2023,Sunday,Bag,CK,60123,2,pcs,Cashless,334539
205,28,12/28/2023,Sunday,Gantungan,CH,609,2,pcs,Cashless,103512
206,34,12/15/2023,Friday,Koper,LV,DPT9,3,pcs,Cashless,355703
207,52,12/24/2023,Thursday,Trolley,LC,61890,2,pcs,Cashless,156713
208,33,12/15/2023,Tuesday,Bag,LC,6227,2,pcs,Cashless,227233
209,31,12/18/2023,Tuesday,Bag,LV,5801,2,pcs,Cashless,322225
210,41,12/12/2023,Saturday,Ransel,fashion,122,2,pcs,Cashless,298702
211,25,12/25/2023,Thursday,Dompet,LV,60017,3,pcs,Cash,208948
212,27,12/7/2023,Tuesday,Bag,MB,381,3,pcs,Cash,248627
213,31,12/22/2023,Saturday,Dompet,Fashion,3821,2,pcs,Cashless,450788
214,47,12/29/2023,Sunday,Dompet,LV,1880,2,pcs,Cash,202677
215,39,12/8/2023,Friday,Ransel,CH,8008,3,pcs,Cashless,18032
216,32,12/9/2023,Tuesday,Dompet,LV,L-3921,3,pcs,Cashless,79068
217,33,12/25/2023,Saturday,Dompet,GC,6935,2,pcs,Cash,364164
218,30,12/26/2023,Friday,Dompet,Kartu,1880,2,pcs,Cash,196866
219,38,12/17/2023,Friday,Bag,CK,62665,2,pcs,Cash,225684
220,41,12/24/2023,Saturday,Bag,CH,1728,2,pcs,Cash,48352
221,38,12/16/2023,Sunday,Gantungan,LV,8PKSL,2,pcs,Cashless,276453
222,21,12/7/2023,Monday,Dompet,LV,01LKSM,2,pcs,Cashless,79735
223,31,12/19/2023,Thursday,Bag,Jeep,8PKSL,2,pcs,Cash,403073
224,32,12/27/2023,Sunday,Bag,Kunci,3811,3,pcs,Cashless,334295
225,42,12/10/2023,Thursday,Bag,LC,60123,2,pcs,Cashless,94845
226,24,12/19/2023,Sunday,Dompet,LV,320,2,pcs,Cashless,211683
227,57,12/23/2023,Tuesday,Dompet,LV,91KLPO,2,pcs,Cashless,381728
228,38,12/23/2023,Monday,Bag,Selempang,525-4,2,pcs,Cashless,243938
229,56,12/16/2023,Thursday,Dompet,CH,2039,2,pcs,Cash,284160
230,41,12/24/2023,Saturday,Bag,LV,91KLPO,2,pcs,Cash,94656
231,19,12/16/2023,Tuesday,Bag,LV,LA129,2,pcs,Cashless,510357
232,36,12/30/2023,Wednesday,Bag,KP,625,2,pcs,Cash,48015
233,32,12/30/2023,Tuesday,Dompet,GC,1,2,pcs,Cashless,360446
234,34,12/15/2023,Friday,Dompet,Fashion,8PKSL,3,pcs,Cash,571448
235,38,12/3/2023,Saturday,Dompet,LC,88098,2,pcs,Cashless,433141
236,42,12/26/2023,Thursday,Slingbag,LV,Y8074,3,pcs,Cashless,320934
237,43,12/1/2023,Sunday,Bag,Fashion,3821,2,pcs,Cashless,238009
238,30,12/26/2023,Monday,Bag,LV,6935,2,pcs,Cashless,108493
239,21,12/2/2023,Saturday,Bag,LV,C291,2,pcs,Cash,124192
240,30,12/23/2023,Saturday,Bag,GW,472,2,pcs,Cashless,312078
241,41,12/26/2023,Sunday,Ransel,Kunci,m3311,2,pcs,Cashless,233986
242,31,12/15/2023,Thursday,Handbag,CH,6905,2,pcs,Cash,75473
243,45,12/22/2023,Wednesday,Ransel,Fashion,89128,2,pcs,Cash,339351
244,36,12/19/2023,Tuesday,Bag,Fashion,1632,3,pcs,Cash,243125
245,50,12/27/2023,Tuesday,Trolley,LV,1030,2,pcs,Cashless,186992
246,36,12/12/2023,Saturday,Bag,LV,2319,2,pcs,Cashless,181882
247,38,12/30/2023,Saturday,Bag,fashion,2920,2,pcs,Cashless,67109
248,39,12/16/2023,Thursday,Bag,Gyd,8492,2,pcs,Cashless,170196
249,58,12/29/2023,Saturday,Bag,Jeep,8009,2,pcs,Cash,56129
250,47,12/12/2023,Friday,Dompet,Set,721,2,pcs,Cash,180834
251,38,12/16/2023,Friday,Koper,LC,L-3921,1,pcs,Cash,293776
252,33,12/17/2023,Wednesday,Slingbag,GC,Y8074,1,pcs,Cash,165742
253,36,12/19/2023,Monday,Dompet,LV,S002,1,pcs,Cashless,40753
254,34,12/5/2023,Friday,Dompet,BLCG,8PKSL,2,pcs,Cashless,217069
255,25,12/28/2023,Saturday,Bag,Fashion,1939,2,pcs,Cash,189317
256,40,12/27/2023,Thursday,Bag,CH,61890,2,pcs,Cash,250559
257,21,12/13/2023,Sunday,Slingbag,Kp,231,2,pcs,Cashless,136735
258,23,12/25/2023,Friday,Dompet,GW,721,2,pcs,Cash,179627
259,33,12/1/2023,Saturday,Bag,Kartu,6611,2,pcs,Cashless,292602
260,19,12/15/2023,Thursday,Dompet,LV,2920,2,pcs,Cash,53176
261,24,12/9/2023,Thursday,Bag,Fashion,7439,2,pcs,Cash,91731
262,25,12/15/2023,Sunday,Bag,Bimba,2932,2,pcs,Cashless,257643
263,43,12/22/2023,Sunday,Handbag,CH,1,2,pcs,Cashless,359155
264,38,12/23/2023,Friday,Trolley,Fashion,606,1,pcs,Cashless,342595
265,33,12/25/2023,Friday,Bag,LC,71LOP0,2,pcs,Cashless,128672
266,30,12/24/2023,Tuesday,Bag,Fashion,B1349,2,pcs,Cashless,236191
267,43,12/12/2023,Sunday,Dompet,KP,S001,2,pcs,Cash,327357
268,40,12/19/2023,Friday,Dompet,LV,FLB76,2,pcs,Cashless,121167
269,34,12/24/2023,Thursday,Dompet,Set,8802,2,pcs,Cashless,135890
270,36,12/29/2023,Tuesday,Bag,LC,2932,2,pcs,Cashless,120063
271,28,12/19/2023,Friday,Dompet,KP,2930,2,pcs,Cashless,146192
272,29,12/30/2023,Friday,Bag,CH,6275,3,pcs,Cash,228854
273,44,12/23/2023,Friday,Bag,GW,2021,2,pcs,Cashless,5347
274,48,12/23/2023,Saturday,Bag,HP,GW,2,pcs,Cashless,170824
275,21,12/16/2023,Saturday,Bag,BLCG,662,2,pcs,Cashless,236330
276,45,12/15/2023,Friday,Bag,GW,6821,2,pcs,Cash,242075
277,45,12/25/2023,Friday,Dompet,Kp,60223,2,pcs,Cash,440889
278,38,12/25/2023,Friday,Dompet,Knk,KSN91,2,pcs,Cashless,377639
279,44,12/24/2023,Friday,Bag,Pakaian,20201,2,pcs,Cashless,0
280,28,12/1/2023,Sunday,Bag,LV,71LOP0,2,pcs,Cash,167831
281,28,12/18/2023,Saturday,Dompet,CH,2932,2,pcs,Cash,288427
282,36,12/27/2023,Saturday,Bag,GW,6935,2,pcs,Cashless,185214
283,40,12/17/2023,Friday,Bag,CH,7423,3,pcs,Cash,327776
284,38,12/14/2023,Friday,Ransel,Kartu,G0298,2,pcs,Cash,363372
285,39,12/30/2023,Thursday,Bag,KP,4,2,pcs,Cashless,160166
286,27,12/16/2023,Monday,Bag,Kunci,40156,2,pcs,Cash,24139
287,45,12/2/2023,Friday,Bag,LV,74,2,pcs,Cash,339748
288,14,12/13/2023,Sunday,Slingbag,BLY,6935,2,pcs,Cash,200988
289,34,12/2/2023,Saturday,Bag,LV,6905,2,pcs,Cashless,243136
290,32,12/29/2023,Tuesday,Bag,Fashion,L-3921,3,pcs,Cashless,164395
291,43,12/29/2023,Friday,Dompet,Set,3929,2,pcs,Cashless,235474
292,45,12/14/2023,Saturday,Dompet,Fashion,B501,2,pcs,Cash,69820
293,40,12/22/2023,Saturday,Bag,LV,2021,2,pcs,Cashless,72700
294,42,12/24/2023,Saturday,Ransel,fashion,118,2,pcs,Cashless,367004
295,31,12/24/2023,Sunday,Bag,Fashion,H-3221,2,pcs,Cashless,280375
296,34,12/24/2023,Sunday,Gantungan,Fashion,7UJ918,2,pcs,Cash,235247
297,42,12/14/2023,Friday,Bag,cwk,2312,2,pcs,Cash,215465
298,47,12/15/2023,Friday,Bag,GW,CCH,2,pcs,Cash,212900
299,41,12/30/2023,Thursday,Gantungan,MB,462,2,pcs,Cashless,196005
300,38,12/18/2023,Thursday,Bag,LC,842,2,pcs,Cash,226454
301,47,12/28/2023,Saturday,Dompet,LC,88098,2,pcs,Cashless,382940
302,44,12/10/2023,Saturday,Bag,LV,721,2,pcs,Cash,515860
303,22,12/8/2023,Tuesday,Bag,sport,8PKSL,2,pcs,Cash,266336
304,58,12/31/2023,Sunday,Dompet,Fashion,9810W,3,pcs,Cash,340701
305,41,12/23/2023,Friday,Slingbag,Fashion,m3311,2,pcs,Cash,390812
306,12,12/2/2023,Saturday,Dompet,LC,6905,2,pcs,Cash,196524
307,27,12/17/2023,Tuesday,Trolley,Fashion,1827,2,pcs,Cashless,107072
308,24,12/17/2023,Sunday,Dompet,GC,60017,2,pcs,Cashless,294311
309,22,12/11/2023,Sunday,Bag,Gyd,7283,2,pcs,Cash,321778
310,31,12/7/2023,Sunday,Bag,Kp,1,2,pcs,Cash,31401
311,45,12/23/2023,Friday,Dompet,CH,2048,2,pcs,Cashless,363740
312,34,12/1/2023,Wednesday,Dompet,CH,71LOP0,2,pcs,Cashless,141548
313,25,12/9/2023,Sunday,Waistbag,LC,6227,2,pcs,Cashless,149253
314,43,12/26/2023,Thursday,Gantungan,GW,9810W,2,pcs,Cashless,253601
315,29,12/13/2023,Saturday,Bag,Fashion,8210,2,pcs,Cashless,50830
316,37,12/14/2023,Monday,Bag,LV,9972,2,pcs,Cash,494944
317,31,12/29/2023,Thursday,Trolley,LV,71LOP0,2,pcs,Cashless,177750
318,29,12/28/2023,Sunday,Ransel,GW,8PKSL,1,pcs,Cash,0
319,24,12/8/2023,Friday,Dompet,Fashion,312,2,pcs,Cash,560295
320,40,12/19/2023,Saturday,Dompet,Kartu,8YU61,2,pcs,Cashless,351122
321,37,12/17/2023,Tuesday,Bag,Kp,60017,3,pcs,Cash,207691
322,43,12/1/2023,Tuesday,Dompet,YSL,FLB76,2,pcs,Cash,486298
323,44,12/18/2023,Sunday,Bag,Kartu,60123,2,pcs,Cashless,21917
324,37,12/10/2023,Sunday,Ransel,LC,S001,2,pcs,Cash,289495
325,44,12/24/2023,Friday,Bag,Gyd,BBR,2,pcs,Cashless,293172
326,27,12/30/2023,Sunday,Bag,GC,6029,2,pcs,Cash,420982
327,43,12/13/2023,Saturday,Bag,Chnl,7423,2,pcs,Cash,275853
328,30,12/14/2023,Thursday,Ransel,GW,60023,2,pcs,Cash,431043
329,48,12/19/2023,Saturday,Bag,LC,2039,2,pcs,Cash,274880
330,51,12/29/2023,Sunday,Gantungan,LV,60023,2,pcs,Cash,262977
331,49,12/23/2023,Friday,Dompet,Jeep,7382,2,pcs,Cashless,237679
332,24,12/30/2023,Friday,Dompet,Jeep,71LOP0,2,pcs,Cashless,352107
333,41,12/16/2023,Thursday,Slingbag,Fashion,2048,2,pcs,Cashless,0
334,26,12/15/2023,Tuesday,Bag,Kp,230892,2,pcs,Cashless,319607
335,24,12/30/2023,Thursday,Slingbag,Cover,625,2,pcs,Cash,98582
336,43,12/24/2023,Thursday,Bag,Bly,2408,2,pcs,Cashless,342307
337,49,12/11/2023,Sunday,Bag,Elgini,673,2,pcs,Cash,189665
338,51,12/12/2023,Wednesday,Bag,BLCG,2930,2,pcs,Cashless,416816
339,33,12/8/2023,Friday,Dompet,GW,3105,2,pcs,Cash,315392
340,28,12/24/2023,Friday,Bag,Gyd,6611,2,pcs,Cash,290216
341,44,12/17/2023,Saturday,Dompet,Gyd,1632,2,pcs,Cashless,37167
342,19,12/7/2023,Sunday,Bag,CK,61890,2,pcs,Cashless,64433
343,31,12/22/2023,Thursday,Dompet,LV,525-4,1,pcs,Cashless,440234
344,34,12/17/2023,Sunday,Bag,LV,9810W,2,pcs,Cashless,303527
345,40,12/7/2023,Tuesday,Gantungan,YSL,1082,2,pcs,Cashless,578681
346,33,12/23/2023,Monday,Dompet,HM,601,3,pcs,Cashless,241061
347,37,12/23/2023,Tuesday,Ransel,LV,60017,3,pcs,Cashless,543823
348,41,12/15/2023,Thursday,Bag,CH,2038,2,pcs,Cash,151429
349,26,12/23/2023,Friday,Bag,LC,625,2,pcs,Cashless,379225
350,34,12/15/2023,Tuesday,Bag,CH,8021,2,pcs,Cash,214492
351,45,12/26/2023,Friday,Slingbag,LV,3102,2,pcs,Cash,244137
352,41,12/29/2023,Monday,Bag,Tumi,5821,2,pcs,Cash,476887
353,35,12/8/2023,Thursday,Bag,CK,6935,2,pcs,Cash,202614
354,31,12/19/2023,Saturday,Ransel,GW,8021,2,pcs,Cashless,317158
355,37,12/23/2023,Saturday,Dompet,Fashion,1092,2,pcs,Cash,333643
356,48,12/18/2023,Tuesday,Handbag,KP,8021,2,pcs,Cashless,224235
357,29,12/26/2023,Thursday,Dompet,Tods,T7273,2,pcs,Cashless,340317
358,50,12/30/2023,Friday,Ransel,LV,8401,2,pcs,Cash,283476
359,27,12/19/2023,Thursday,Dompet,LC,3105,2,pcs,Cash,156883
360,19,12/22/2023,Friday,Bag,fashion,44619,2,pcs,Cashless,202774
361,34,12/30/2023,Thursday,Bag,Fashion,7423,2,pcs,Cash,247456
362,37,12/8/2023,Friday,Bag,LV,60123,2,pcs,Cash,232143
363,32,12/3/2023,Tuesday,Bag,GW,2888,2,pcs,Cashless,293866
364,40,12/15/2023,Tuesday,Bag,CK,L-3902,2,pcs,Cash,408342
365,36,12/12/2023,Saturday,Handbag,GW,89128,2,pcs,Cash,509122
366,40,12/5/2023,Saturday,Bag,LCST,7470,2,pcs,Cash,442956
367,45,12/14/2023,Friday,Bag,CH,89128,2,pcs,Cash,232589
368,26,12/14/2023,Saturday,Bag,Fashion,89128,2,pcs,Cash,436239
369,33,12/14/2023,Sunday,Bag,CK,T503,3,pcs,Cashless,155534
370,46,12/8/2023,Wednesday,Bag,Gyd,7UJ918,2,pcs,Cashless,373990
371,45,12/8/2023,Sunday,Bag,GW,1,2,pcs,Cash,210825
372,31,12/16/2023,Friday,Bag,MB,9026-1,2,pcs,Cash,120126
373,38,12/22/2023,Friday,Trolley,HP,1827,2,pcs,Cash,251476
374,29,12/12/2023,Monday,Slingbag,LV,4531,2,pcs,Cash,88769
375,32,12/30/2023,Sunday,Bag,LC,FLB76,2,pcs,Cashless,410844
376,50,12/20/2023,Sunday,Bag,Fashion,8401,2,pcs,Cashless,122995
377,42,12/24/2023,Saturday,Dompet,CK,88098,2,pcs,Cash,249931
378,40,12/21/2023,Monday,Gantungan,Kp,525-4,2,pcs,Cashless,281412
379,36,12/2/2023,Sunday,Slingbag,LC,HA777,2,pcs,Cash,398256
380,34,12/14/2023,Sunday,Dompet,LC,2319,2,pcs,Cash,351570
381,40,12/5/2023,Sunday,Dompet,Fashion,60017,2,pcs,Cashless,294798
382,24,12/1/2023,Tuesday,Dompet,CH,Mini,2,pcs,Cashless,114127
383,34,12/8/2023,Friday,Bag,Fashion,9928,2,pcs,Cash,291303
384,50,12/16/2023,Saturday,Bag,LB,2899,3,pcs,Cash,158342
385,41,12/23/2023,Saturday,Bag,pakaian,61890,2,pcs,Cashless,109987
386,43,12/23/2023,Friday,Dompet,HP,BBR,2,pcs,Cash,219955
387,45,12/23/2023,Saturday,Bag,KP,1082,2,pcs,Cashless,284422
388,30,12/13/2023,Sunday,Dompet,GW,8196,2,pcs,Cashless,113125
389,43,12/7/2023,Tuesday,Bag,LC,Y8074,3,pcs,Cashless,440086
390,29,12/19/2023,Saturday,Bag,MB,88098,2,pcs,Cashless,206487
391,34,12/14/2023,Saturday,Bag,Set,230892,2,pcs,Cash,746525
392,41,12/4/2023,Friday,Bag,LCST,71LOP0,2,pcs,Cashless,327219
393,40,12/23/2023,Sunday,Bag,BLY,T7273,2,pcs,Cashless,130638
394,28,12/2/2023,Thursday,Bag,Fashion,472,2,pcs,Cash,299694
395,8,12/25/2023,Saturday,Bag,LV,71LOP0,2,pcs,Cash,444931
396,48,12/2/2023,Friday,Bag,Kunci,5801,2,pcs,Cash,282963
397,33,12/25/2023,Friday,Bag,HP,Y8074,3,pcs,Cashless,164037
398,31,12/19/2023,Sunday,Passport,Selempang,381,2,pcs,Cashless,361311
399,37,12/22/2023,Friday,Bag,fashion,KP1U8,2,pcs,Cashless,219192
400,32,12/11/2023,Friday,Trolley,Polo,93210,2,pcs,Cash,139910
401,18,12/7/2023,Sunday,Dompet,Fashion,74,2,pcs,Cash,323043
402,31,12/13/2023,Monday,Bag,CH,2921,2,pcs,Cash,194380
403,23,12/24/2023,Monday,Bag,LV,93210,2,pcs,Cash,134638
404,24,12/31/2023,Sunday,Handbag,LC,3029,2,pcs,Cashless,219852
405,27,12/17/2023,Tuesday,Bag,LC,118,2,pcs,Cashless,226858
406,48,12/18/2023,Thursday,Dompet,LC,7791,2,pcs,Cashless,467517
407,39,12/22/2023,Friday,Bag,CH,CL120321,2,pcs,Cashless,427824
408,27,12/19/2023,Friday,Bag,Fashion,5631,2,pcs,Cashless,241945
409,35,12/15/2023,Wednesday,Bag,GW,2021,2,pcs,Cashless,352994
410,33,12/8/2023,Thursday,Bag,LV,462,2,pcs,Cashless,191137
411,31,12/2/2023,Tuesday,Bag,fashion,Mini,2,pcs,Cash,0
412,38,12/29/2023,Sunday,Bag,Kartu,Y8074,2,pcs,Cashless,63552
413,35,12/24/2023,Monday,Slingback,Set,1827,2,pcs,Cashless,314802
414,38,12/7/2023,Saturday,Dompet,KP,Mini,2,pcs,Cash,225659
415,59,12/23/2023,Thursday,Bag,LC,T2932,3,pcs,Cashless,377605
416,35,12/3/2023,Saturday,Dompet,LC,71LOP0,2,pcs,Cashless,210676
417,33,12/27/2023,Friday,Dompet,Jeep,1291,2,pcs,Cash,265768
418,31,12/12/2023,Friday,Dompet,Fashion,382,2,pcs,Cash,59127
419,22,12/1/2023,Sunday,Dompet,LC,7423,2,pcs,Cashless,245159
420,32,12/5/2023,Sunday,Bag,Set,T503,2,pcs,Cashless,479145
421,48,12/23/2023,Friday,Handbag,LC,89128,2,pcs,Cash,158832
422,45,12/3/2023,Friday,Bag,Kunci,CCH,3,pcs,Cashless,467634
423,42,12/3/2023,Thursday,Trolley,Kp,20201,2,pcs,Cash,297296
424,30,12/2/2023,Sunday,Handbag,TB,91820LOP,2,pcs,Cash,395850
425,34,12/14/2023,Thursday,Bag,LV,7215,2,pcs,Cashless,269907
426,42,12/21/2023,Sunday,Koper,Chnl,2391,2,pcs,Cashless,74145
427,50,12/3/2023,Monday,Slingbag,Kp,S002,2,pcs,Cashless,404118
428,26,12/26/2023,Tuesday,Bag,Kunci,2924,2,pcs,Cashless,189319
429,38,12/31/2023,Friday,Bag,LV,382,2,pcs,Cashless,358696
430,30,12/24/2023,Thursday,Bag,BLCG,m3311,2,pcs,Cash,327589
431,35,12/14/2023,Saturday,Bag,Set,6935,2,pcs,Cashless,252152
432,25,12/2/2023,Friday,Ransel,GW,2930,1,pcs,Cashless,383212
433,32,12/9/2023,Tuesday,Ransel,Fashion,8291,2,pcs,Cashless,274124
434,44,12/24/2023,Saturday,Dompet,LC,40156,3,pcs,Cashless,253946
435,39,12/12/2023,Saturday,Bag,MB,S001,2,pcs,Cash,19473
436,20,12/10/2023,Friday,Bag,KP,2031,2,pcs,Cash,348388
437,40,12/14/2023,Saturday,Bag,CH,3123,2,pcs,Cash,207864
438,35,12/17/2023,Saturday,Bag,Jeep,2020,2,pcs,Cash,322188
439,33,12/14/2023,Friday,Dompet,CK,14,2,pcs,Cashless,158502
440,49,12/7/2023,Friday,Dompet,Gyd,Y8074,2,pcs,Cashless,165565
441,26,12/4/2023,Friday,Bag,CH,118,2,pcs,Cashless,487461
442,43,12/14/2023,Tuesday,Bag,LV,L0918J,2,pcs,Cash,295189
443,24,12/22/2023,Tuesday,Handbag,Kartu,6905,2,pcs,Cash,318031
444,36,12/21/2023,Tuesday,Bag,Kartu,122,2,pcs,Cash,223309
445,34,12/19/2023,Monday,Slingbag,BLCG,381,2,pcs,Cash,201107
446,35,12/14/2023,Tuesday,Dompet,Pakaian,G09,2,pcs,Cash,127455
447,29,12/14/2023,Wednesday,Dompet,LV,G0298,2,pcs,Cash,205707
448,40,12/28/2023,Sunday,Bag,GW,62665,2,pcs,Cash,526156
449,26,12/14/2023,Saturday,Dompet,Fashion,93001,2,pcs,Cash,25719
450,32,12/3/2023,Friday,Bag,CH,71LOP0,2,pcs,Cash,409083
451,35,12/19/2023,Friday,Bag,LC,3105,2,pcs,Cashless,173748
452,35,12/17/2023,Sunday,Bag,GW,B501,2,pcs,Cash,280449
453,37,12/30/2023,Friday,Bag,BLY,60023,3,pcs,Cash,287172
454,25,12/19/2023,Tuesday,Bag,Armn,88098,2,pcs,Cash,188768
455,21,12/7/2023,Saturday,Dompet,CH,312,2,pcs,Cash,200140
456,19,12/27/2023,Saturday,Bag,CH,472,2,pcs,Cash,168061
457,47,12/14/2023,Friday,Dompet,GW,3811,2,pcs,Cashless,193606
458,26,12/29/2023,Sunday,Bag,LV,Y8074,2,pcs,Cashless,59308
459,38,12/26/2023,Sunday,Bag,LC,60017,3,pcs,Cash,279816
460,29,12/1/2023,Thursday,Slingbag,GW,7UJ918,2,pcs,Cash,485057
461,16,12/29/2023,Sunday,Dompet,LV,321,2,pcs,Cashless,172844
462,33,12/14/2023,Wednesday,Ransel,Fashion,H-3221,2,pcs,Cash,291054
463,25,12/7/2023,Thursday,Bag,LV,1910,2,pcs,Cash,384968
464,30,12/9/2023,Wednesday,Dompet,Set,01LPK,2,pcs,Cash,210929
465,35,12/24/2023,Thursday,Bag,FK,3811,3,pcs,Cashless,53667
466,23,12/13/2023,Sunday,Bag,Nobol,01LPK,2,pcs,Cash,558867
467,23,12/18/2023,Saturday,Dompet,LCST,230892,2,pcs,Cash,75075
468,47,12/2/2023,Wednesday,Bag,LCST,T2932,2,pcs,Cashless,458814
469,35,12/22/2023,Thursday,Bag,LV,2048,2,pcs,Cashless,328368
470,36,12/5/2023,Saturday,Dompet,CK,71LOP0,2,pcs,Cash,365946
471,36,12/26/2023,Tuesday,Bag,GW,7UJ918,2,pcs,Cash,10787
472,25,12/10/2023,Tuesday,Dompet,Gyd,112,2,pcs,Cash,56684
473,38,12/5/2023,Tuesday,Ransel,Fashion,9416,2,pcs,Cashless,330564
474,32,12/30/2023,Sunday,Bag,Kartu,FLB76,2,pcs,Cashless,269909
475,28,12/8/2023,Sunday,Slingbag,CH,B501,2,pcs,Cashless,151592
476,42,12/13/2023,Tuesday,Dompet,LC,88892,2,pcs,Cash,328307
477,35,12/17/2023,Thursday,Slingbag,LV,GC,2,pcs,Cash,238912
478,14,12/17/2023,Sunday,Bag,Fashion,Kunci,2,pcs,Cash,340463
479,33,12/5/2023,Saturday,Bag,CH,7432,2,pcs,Cash,124838
480,33,12/2/2023,Monday,Bag,Kunci,63203,2,pcs,Cash,299033
481,34,12/15/2023,Friday,Dompet,Fashion,7421,2,pcs,Cash,299906
482,59,12/23/2023,Saturday,Bag,LC,01LKSM,2,pcs,Cash,80689
483,28,12/18/2023,Sunday,Bag,pakaian,7542,2,pcs,Cash,358241
484,61,12/30/2023,Sunday,Dompet,GC,L-3921,2,pcs,Cashless,274354
485,45,12/19/2023,Saturday,Dompet,LC,122,2,pcs,Cash,108079
486,24,12/30/2023,Friday,Bag,KP,8210,2,pcs,Cashless,190496
487,24,12/8/2023,Friday,Slingbag,Cover,60123,2,pcs,Cash,140153
488,33,12/14/2023,Saturday,Bag,Bally,122,2,pcs,Cash,363301
489,16,12/24/2023,Sunday,Bag,GW,1,2,pcs,Cash,455987
490,36,12/31/2023,Tuesday,Dompet,LC,63203,2,pcs,Cashless,33702
491,45,12/14/2023,Thursday,Dompet,Fashion,CL120321,2,pcs,Cashless,266963
492,37,12/7/2023,Thursday,Bag,GW,3105,2,pcs,Cashless,231257
493,42,12/10/2023,Monday,Bag,Knk,6902,2,pcs,Cash,342462
494,36,12/24/2023,Thursday,Handbag,Coach,8PKSL,2,pcs,Cash,467888
495,33,12/26/2023,Saturday,Bag,CH,60017,2,pcs,Cash,358593
496,37,12/4/2023,Tuesday,Dompet,LV,2031,2,pcs,Cash,402190
497,52,12/23/2023,Friday,Gantungan,CH,7432,2,pcs,Cash,211887
498,42,12/12/2023,Sunday,Bag,KP,01LPK,2,pcs,Cash,168874
499,21,12/25/2023,Friday,Ransel,TM,462,2,pcs,Cash,369806
500,41,12/8/2023,Tuesday,Ransel,LV,3123,2,pcs,Cashless,338143
501,35,12/11/2023,Tuesday,Bag,CH,1122,1,pcs,Cashless,281720
502,25,12/30/2023,Friday,Bag,CH,7189,2,pcs,Cash,213541
503,34,12/19/2023,Saturday,Bag,KP,61890,2,pcs,Cash,342203
504,24,12/23/2023,Tuesday,Bag,Boss,7423,3,pcs,Cash,83043
505,33,12/16/2023,Wednesday,Gantungan,LC,1827,2,pcs,Cashless,209681
506,23,12/19/2023,Friday,Bag,Fashion,462,2,pcs,Cashless,0
507,40,12/10/2023,Tuesday,Bag,fashion,89128,2,pcs,Cash,247281
508,30,12/7/2023,Thursday,Slingbag,CL,3201,2,pcs,Cashless,378505
509,42,12/1/2023,Sunday,Slingbag,Jeep,01LPK,2,pcs,Cashless,346225
510,35,12/16/2023,Tuesday,Slingbag,KP,8YU61,2,pcs,Cashless,272452
511,45,12/23/2023,Tuesday,Bag,Set,88098,2,pcs,Cashless,285952
512,36,12/28/2023,Saturday,Ransel,Kp,U09LO,2,pcs,Cashless,316771
513,42,12/7/2023,Sunday,Bag,LCST,1632,2,pcs,Cashless,233000
514,39,12/15/2023,Saturday,Trolley,CK,91820LOP,2,pcs,Cashless,201516
515,26,12/26/2023,Thursday,Bag,NY,7432,2,pcs,Cashless,342353
516,29,12/13/2023,Wednesday,Slingbag,LV,CL120321,3,pcs,Cash,226791
517,38,12/22/2023,Saturday,Dompet,BLCG,A01,2,pcs,Cashless,303964
518,27,12/28/2023,Sunday,Gantungan,Cover,6421,3,pcs,Cashless,194251
519,36,12/24/2023,Tuesday,Bag,Fashion,462,2,pcs,Cashless,262608
520,22,12/29/2023,Friday,Dompet,GW,3214,2,pcs,Cashless,122525
521,25,12/27/2023,Sunday,Dompet,Kartu,2312,2,pcs,Cash,253617
522,46,12/8/2023,Sunday,Bag,BLY,A01,2,pcs,Cashless,274712
523,43,12/16/2023,Friday,Dompet,LC,74,2,pcs,Cashless,227622
524,28,12/19/2023,Friday,Gantungan,CH,89128,3,pcs,Cashless,403857
525,31,12/14/2023,Sunday,Dompet,BLCG,SPLTRT6,2,pcs,Cashless,243934
526,35,12/24/2023,Thursday,Bag,Koin,309,2,pcs,Cashless,347581
527,41,12/23/2023,Tuesday,Ransel,Gyd,T3020,2,pcs,Cashless,354732
528,39,12/17/2023,Friday,Bag,Fashion,G09,2,pcs,Cashless,0
529,37,12/8/2023,Sunday,Bag,GW,6602,2,pcs,Cashless,283777
530,33,12/24/2023,Thursday,Bag,Kartu,HA777,2,pcs,Cashless,256957
531,41,12/15/2023,Friday,Bag,Gyd,66622,2,pcs,Cash,211113
532,32,12/22/2023,Saturday,Bag,KP,9416,2,pcs,Cashless,51362
533,28,12/30/2023,Friday,Bag,CH,9605,2,pcs,Cashless,346827
534,30,12/31/2023,Thursday,Bag,GC,SPLTRT6,3,pcs,Cash,320657
535,41,12/16/2023,Thursday,Slingback,LB,118,2,pcs,Cash,312093
536,25,12/15/2023,Friday,Ransel,CH,2025,2,pcs,Cash,242245
537,48,12/24/2023,Friday,Dompet,Fashion,A01,2,pcs,Cash,537827
538,32,12/8/2023,Friday,Bag,Cover,2408,2,pcs,Cash,297167
539,35,12/25/2023,Saturday,Bag,LC,7283,1,pcs,Cashless,340553
540,35,12/27/2023,Thursday,Bag,BLY,303,2,pcs,Cash,181116
541,41,12/1/2023,Monday,Bag,KP,2031,2,pcs,Cash,349468
542,38,12/25/2023,Sunday,Bag,Bimba,2921,2,pcs,Cash,213916
543,34,12/23/2023,Sunday,Bag,Fashion,B1349,2,pcs,Cash,44414
544,22,12/20/2023,Saturday,Dompet,GC,m3311,2,pcs,Cash,0
545,42,12/23/2023,Thursday,Dompet,LV,60123,2,pcs,Cash,125714
546,43,12/5/2023,Friday,Bag,CK,44619,2,pcs,Cashless,147859
547,35,12/1/2023,Thursday,Ransel,set,1821,2,pcs,Cash,156081
548,27,12/26/2023,Tuesday,Bag,fashion,9382,2,pcs,Cash,25277
549,15,12/25/2023,Saturday,Dompet,LC,8YU61,2,pcs,Cashless,518742
550,33,12/19/2023,Friday,Dompet,Set,LA129,2,pcs,Cashless,388780
551,34,12/15/2023,Saturday,Dompet,CH,7215,2,pcs,Cash,256267
552,33,12/19/2023,Tuesday,Bag,YSL,91KLPO,2,pcs,Cashless,27469
553,58,12/25/2023,Friday,Bag,Gyd,G09,2,pcs,Cash,144898
554,21,12/30/2023,Saturday,Handbag,CH,89128,2,pcs,Cash,310862
555,37,12/23/2023,Thursday,Bag,LC,1,2,pcs,Cashless,390409
556,47,12/12/2023,Friday,Bag,LV,949,2,pcs,Cashless,99259
557,32,12/15/2023,Tuesday,Dompet,LC,3105,2,pcs,Cash,139520
558,33,12/16/2023,Sunday,Dompet,Fashion,Y8074,3,pcs,Cash,149766
559,42,12/23/2023,Tuesday,Gantungan,LV,T7273,2,pcs,Cashless,82565
560,49,12/19/2023,Saturday,Dompet,LC,2021,2,pcs,Cashless,157495
561,35,12/12/2023,Tuesday,Dompet,Fashion,5801,3,pcs,Cash,87596
562,26,12/23/2023,Tuesday,Slingbag,CH,6905,2,pcs,Cashless,102589
563,26,12/26/2023,Sunday,Dompet,Fashion,472,3,pcs,Cash,471242
564,38,12/30/2023,Monday,Bag,LV,1821,2,pcs,Cash,216365
565,62,12/14/2023,Saturday,Bag,Fashion,T3020,2,pcs,Cash,138452
566,43,12/26/2023,Sunday,Bag,Fashion,2408,2,pcs,Cash,259351
567,41,12/10/2023,Friday,Bag,KP,312,1,pcs,Cash,316253
568,21,12/3/2023,Tuesday,Bag,HP,2408,2,pcs,Cash,351971
569,55,12/25/2023,Sunday,Dompet,Selempang,7423,2,pcs,Cashless,38254
570,38,12/24/2023,Sunday,Dompet,GD,89128,2,pcs,Cashless,0
571,39,12/26/2023,Friday,Bag,LC,32121,3,pcs,Cash,342507
572,35,12/2/2023,Thursday,Handbag,LV,2921,2,pcs,Cashless,199668
573,57,12/26/2023,Tuesday,Trolley,CH,2921,2,pcs,Cashless,85425
574,44,12/23/2023,Thursday,Bag,Fashion,Kunci,2,pcs,Cashless,107538
575,45,12/14/2023,Friday,Bag,Armn,2920,2,pcs,Cash,415866
576,39,12/25/2023,Saturday,Dompet,Fashion,2921,2,pcs,Cash,384271
577,37,12/25/2023,Sunday,Dompet,Fashion,948,2,pcs,Cash,226713
578,30,12/24/2023,Thursday,Bag,Fashion,1038,2,pcs,Cashless,293225
579,44,12/8/2023,Saturday,Bag,CK,89128,2,pcs,Cashless,115777
580,31,12/23/2023,Tuesday,Bag,LC,8YU61,3,pcs,Cashless,222940
581,31,12/29/2023,Saturday,Gantungan,CH,C291,2,pcs,Cash,76034
582,34,12/2/2023,Thursday,Bag,LC,3434,2,pcs,Cashless,119515
583,24,12/13/2023,Saturday,Handbag,Fashion,HA777,2,pcs,Cashless,216442
584,28,12/29/2023,Saturday,Bag,CH,62665,3,pcs,Cashless,152470
585,48,12/24/2023,Friday,Bag,Fashion,9602,2,pcs,Cashless,231656
586,35,12/15/2023,Tuesday,Bag,LV,2445,2,pcs,Cashless,374625
587,43,12/23/2023,Monday,Bag,Kunci,LA129,2,pcs,Cash,31451
588,28,12/22/2023,Friday,Bag,CK,DPT9,2,pcs,Cashless,0
589,33,12/5/2023,Sunday,Dompet,CH,4,2,pcs,Cash,227729
590,43,12/5/2023,Sunday,Bag,Kunci,1092,2,pcs,Cash,248203
591,38,12/12/2023,Wednesday,Dompet,Kunci,Fashion,2,pcs,Cashless,218174
592,31,12/8/2023,Thursday,Trolley,MB,20201,2,pcs,Cashless,143958
593,38,12/27/2023,Tuesday,Bag,LV,8PKSL,2,pcs,Cashless,225200
594,42,12/1/2023,Saturday,Bag,LC,GW,2,pcs,Cashless,259089
595,21,12/12/2023,Saturday,Bag,Kunci,321,2,pcs,Cashless,0
596,22,12/4/2023,Friday,Gantungan,Fashion,383,2,pcs,Cashless,435054
597,33,12/23/2023,Friday,Ransel,Bally,1092,2,pcs,Cash,139945
598,36,12/8/2023,Friday,Dompet,GW,2021,2,pcs,Cashless,390658
599,41,12/18/2023,Monday,Ransel,Tote,91KLPO,2,pcs,Cash,326441
600,22,12/7/2023,Tuesday,Handbag,LC,8210,2,pcs,Cashless,145968
601,30,12/2/2023,Saturday,Handbag,LCST,6227,2,pcs,Cashless,333637
602,35,12/24/2023,Saturday,Dompet,GW,C2822,3,pcs,Cashless,164506
603,28,12/30/2023,Thursday,Bag,HM,88932,2,pcs,Cashless,312899
604,34,12/28/2023,Sunday,Handbag,fashion,L0918J,2,pcs,Cashless,248759
605,23,12/13/2023,Saturday,Dompet,LV,9416,2,pcs,Cashless,251485
606,35,12/18/2023,Tuesday,Bag,YSL,381,2,pcs,Cashless,292769
607,28,12/12/2023,Tuesday,Bag,Selempang,4531,2,pcs,Cashless,384011
608,49,12/5/2023,Wednesday,Bag,KP,1688,2,pcs,Cash,100763
609,29,12/16/2023,Friday,Dompet,Set,9416,2,pcs,Cashless,263941
610,33,12/17/2023,Friday,Bag,Gyd,6029,3,pcs,Cashless,215904
611,29,12/16/2023,Sunday,Bag,Kunci,88098,2,pcs,Cash,369934
612,47,12/14/2023,Sunday,Bag,CH,6935,2,pcs,Cash,389799
613,60,12/30/2023,Friday,Bag,CH,DPT9,2,pcs,Cashless,287234
614,44,12/19/2023,Tuesday,Dompet,Gyd,6070,3,pcs,Cashless,202061
615,49,12/7/2023,Saturday,Bag,Kp,Y8074,2,pcs,Cashless,75685
616,32,12/12/2023,Thursday,Bag,Fashion,C2822,1,pcs,Cash,30477
617,52,12/14/2023,Saturday,Bag,GW,LA129,2,pcs,Cashless,401499
618,21,12/19/2023,Saturday,Bag,CH,8801,2,pcs,Cashless,282809
619,52,12/16/2023,Thursday,Dompet,CH,FK,2,pcs,Cashless,0
620,40,12/11/2023,Wednesday,Bag,GW,9810W,2,pcs,Cash,316317
621,54,12/2/2023,Sunday,Bag,LC,9,2,pcs,Cashless,83537
622,34,12/7/2023,Monday,Ransel,KP,1028,2,pcs,Cashless,181860
623,32,12/16/2023,Saturday,Gantungan,Kartu,7423,2,pcs,Cash,98975
624,39,12/16/2023,Saturday,Bag,LC,91KLPO,2,pcs,Cashless,402390
625,37,12/8/2023,Thursday,Dompet,LC,93001,2,pcs,Cashless,200605
626,54,12/2/2023,Sunday,Bag,CH,1123,2,pcs,Cashless,293754
627,41,12/5/2023,Saturday,Handbag,LC,Fashion,2,pcs,Cash,32528
628,38,12/7/2023,Wednesday,Bag,Fashion,1028,2,pcs,Cash,271705
629,43,12/15/2023,Friday,Bag,CH,6275,2,pcs,Cashless,264613
630,46,12/23/2023,Saturday,Dompet,LV,4,3,pcs,Cashless,162856
631,40,12/23/2023,Friday,Bag,Fashion,1827,1,pcs,Cash,249806
632,40,12/19/2023,Sunday,Bag,cwk,8PKSL,2,pcs,Cash,437554
633,42,12/15/2023,Friday,Bag,BLY,91820LOP,3,pcs,Cash,49004
634,41,12/3/2023,Saturday,Bag,YSL,T503,2,pcs,Cash,259308
635,45,12/23/2023,Sunday,Bag,LC,66622,2,pcs,Cashless,267832
636,39,12/3/2023,Friday,Bag,pakaian,U09LO,2,pcs,Cashless,37758
637,30,12/12/2023,Sunday,Bag,LC,6935,2,pcs,Cashless,451100
638,31,12/7/2023,Friday,Slingbag,Kunci,9810W,2,pcs,Cash,202883
639,41,12/15/2023,Sunday,Bag,Set,2948,2,pcs,Cashless,189416
640,35,12/30/2023,Saturday,Ransel,BLY,8196,2,pcs,Cashless,357530
641,39,12/23/2023,Sunday,Ransel,Fashion,425,2,pcs,Cashless,390767
642,20,12/25/2023,Saturday,Bag,LV,C2032,2,pcs,Cashless,215302
643,34,12/23/2023,Friday,Bag,LC,Y8074,2,pcs,Cashless,174276
644,42,12/23/2023,Sunday,Bag,GC,Kunci,2,pcs,Cash,419895
645,32,12/29/2023,Tuesday,Dompet,Bimba,1038,2,pcs,Cash,61769
646,48,12/24/2023,Tuesday,Dompet,Fashion,01LPK,2,pcs,Cashless,474492
647,28,12/3/2023,Tuesday,Koper,LC,60017,2,pcs,Cash,293925
648,40,12/19/2023,Monday,Dompet,MB,425,2,pcs,Cashless,176550
649,33,12/18/2023,Sunday,Bag,LV,LA129,3,pcs,Cashless,238272
650,27,12/2/2023,Saturday,Waistbag,LV,4,2,pcs,Cashless,453035
651,42,12/3/2023,Friday,Bag,LV,118,2,pcs,Cashless,233883
652,44,12/3/2023,Thursday,Dompet,Kartu,1291,2,pcs,Cashless,346587
653,30,12/20/2023,Tuesday,Bag,LV,71LOP0,2,pcs,Cash,215103
654,37,12/17/2023,Sunday,Bag,Koin,1082,3,pcs,Cashless,437960
655,29,12/26/2023,Thursday,Slingbag,LV,1688,2,pcs,Cashless,409420
656,38,12/31/2023,Sunday,Trolley,CK,63203,2,pcs,Cashless,301824
657,32,12/28/2023,Tuesday,Bag,HP,842,3,pcs,Cashless,383041
658,28,12/18/2023,Saturday,Bag,Fashion,2988,2,pcs,Cash,225788
659,51,12/30/2023,Tuesday,Bag,Fashion,68291,2,pcs,Cash,153646
660,33,12/7/2023,Thursday,Bag,Kunci,2388,2,pcs,Cash,409155
661,32,12/24/2023,Thursday,Bag,GW,H-3221,2,pcs,Cash,302385
662,53,12/30/2023,Saturday,Bag,GC,G09,2,pcs,Cashless,374506
663,40,12/24/2023,Friday,Dompet,GW,8196,2,pcs,Cashless,24304
664,28,12/26/2023,Saturday,Dompet,MB,88098,2,pcs,Cashless,317907
665,34,12/16/2023,Wednesday,Dompet,BLY,2932,2,pcs,Cashless,161740
666,49,12/7/2023,Monday,Bag,GC,Y8074,2,pcs,Cashless,299954
667,44,12/28/2023,Tuesday,Dompet,LC,606,2,pcs,Cash,242007
668,33,12/2/2023,Saturday,Trolley,Fashion,6275,2,pcs,Cashless,306195
669,43,12/29/2023,Sunday,Bag,LV,16935,3,pcs,Cash,475159
670,44,12/3/2023,Saturday,Ransel,GW,88932,2,pcs,Cashless,124236
671,34,12/24/2023,Saturday,Bag,MB,L-3922,2,pcs,Cashless,281939
672,29,12/3/2023,Tuesday,Dompet,LV,606,2,pcs,Cashless,270616
673,48,12/22/2023,Saturday,Bag,GC,LA129,2,pcs,Cashless,371457
674,44,12/23/2023,Tuesday,Ransel,TB,2039,2,pcs,Cashless,365712
675,38,12/25/2023,Tuesday,Bag,Fashion,FLB76,2,pcs,Cash,528112
676,28,12/10/2023,Thursday,Ransel,Pakaian,4,2,pcs,Cash,328285
677,48,12/12/2023,Tuesday,Bag,Pakaian,U09LO,3,pcs,Cashless,12421
678,45,12/30/2023,Tuesday,Bag,Kp,7215,2,pcs,Cash,139516
679,38,12/14/2023,Friday,Bag,Fashion,L332,3,pcs,Cash,0
680,30,12/2/2023,Sunday,Dompet,Fashion,3929,2,pcs,Cash,119026
681,23,12/23/2023,Friday,Bag,GW,U09LO,2,pcs,Cash,115936
682,34,12/8/2023,Friday,Bag,BB,9026-1,2,pcs,Cash,155197
683,38,12/3/2023,Thursday,Handbag,NY,2924,2,pcs,Cash,75956
684,43,12/4/2023,Friday,Bag,LCST,6902,2,pcs,Cashless,434607
685,42,12/24/2023,Monday,Dompet,LV,1,2,pcs,Cashless,344767
686,42,12/30/2023,Monday,Handbag,LC,20201,2,pcs,Cash,473521
687,33,12/19/2023,Saturday,Dompet,Fashion,T3020,2,pcs,Cashless,219199
688,34,12/31/2023,Saturday,Dompet,GW,C2032,2,pcs,Cashless,336135
689,41,12/2/2023,Saturday,Dompet,CH,382,3,pcs,Cash,380629
690,45,12/3/2023,Monday,Bag,LC,20201,2,pcs,Cashless,445035
691,24,12/15/2023,Saturday,Bag,LC,89128,2,pcs,Cash,356543
692,48,12/19/2023,Saturday,Dompet,HM,7423,2,pcs,Cash,401359
693,49,12/17/2023,Saturday,Dompet,Set,Fashion,2,pcs,Cashless,155417
694,38,12/8/2023,Friday,Dompet,Coach,71LOP0,2,pcs,Cashless,118075
695,42,12/16/2023,Sunday,Dompet,CK,Y8074,2,pcs,Cashless,284455
696,37,12/24/2023,Saturday,Gantungan,Fashion,9,2,pcs,Cashless,477584
697,36,12/11/2023,Monday,Ransel,CH,60123,2,pcs,Cash,225879
698,34,12/4/2023,Sunday,Dompet,MB,L-3921,2,pcs,Cashless,356168
699,19,12/29/2023,Saturday,Dompet,HM,89128,2,pcs,Cashless,384139
700,41,12/7/2023,Saturday,Dompet,CH,7423,3,pcs,Cash,216197
701,30,12/15/2023,Saturday,Bag,GD,2888,2,pcs,Cashless,5951
702,52,12/28/2023,Tuesday,Bag,GW,61890,2,pcs,Cashless,120969
703,51,12/27/2023,Friday,Bag,KP,L9911,2,pcs,Cashless,331899
704,48,12/2/2023,Sunday,Handbag,Fashion,6902,2,pcs,Cashless,508035
705,24,12/18/2023,Thursday,Ransel,Fashion,CL120321,2,pcs,Cash,524903
706,29,12/3/2023,Thursday,Bag,CH,2031,2,pcs,Cashless,521802
707,35,12/12/2023,Saturday,Ransel,Jeep,71LOP0,2,pcs,Cashless,237478
708,38,12/17/2023,Monday,Bag,LCST,1880,2,pcs,Cashless,173144
709,51,12/23/2023,Tuesday,Dompet,LV,6902,2,pcs,Cashless,297805
710,45,12/26/2023,Saturday,Dompet,CH,6352,2,pcs,Cash,291345
711,47,12/18/2023,Thursday,Bag,LV,2899,2,pcs,Cashless,126950
712,20,12/8/2023,Sunday,Dompet,GC,C2822,2,pcs,Cash,144753
713,52,12/23/2023,Saturday,Bag,KP,8291,2,pcs,Cashless,299484
714,40,12/24/2023,Monday,Bag,LC,1939,1,pcs,Cash,211224
715,36,12/18/2023,Tuesday,Bag,Bally,71LOP0,2,pcs,Cashless,322443
716,40,12/23/2023,Wednesday,Dompet,Fashion,674,2,pcs,Cashless,53422
717,43,12/26/2023,Friday,Trolley,GC,FLB76,2,pcs,Cash,244171
718,38,12/31/2023,Friday,Bag,MB,1890,2,pcs,Cashless,150693
719,30,12/1/2023,Monday,Dompet,Fashion,3123,3,pcs,Cash,301870
720,36,12/16/2023,Saturday,Dompet,Fashion,2391,1,pcs,Cash,52770
721,33,12/23/2023,Friday,Bag,LC,CL120321,2,pcs,Cash,179066
722,42,12/1/2023,Wednesday,Trolley,LV,8603,2,pcs,Cashless,262306
723,40,12/11/2023,Friday,Dompet,Cover,1910,2,pcs,Cashless,254918
724,33,12/19/2023,Saturday,Bag,Fashion,FLB76,2,pcs,Cash,475095
725,33,12/14/2023,Saturday,Bag,LV,3123,2,pcs,Cashless,270741
726,17,12/28/2023,Monday,Dompet,TM,T503,2,pcs,Cash,259731
727,42,12/7/2023,Friday,Dompet,HM,37231,2,pcs,Cashless,282935
728,29,12/3/2023,Sunday,Bag,CH,381,2,pcs,Cashless,165449
729,29,12/2/2023,Monday,Bag,fashion,T7273,2,pcs,Cash,475122
730,37,12/22/2023,Monday,Dompet,Fashion,721,2,pcs,Cashless,387137
731,33,12/7/2023,Tuesday,Bag,Fashion,2924,3,pcs,Cash,0
732,46,12/26/2023,Sunday,Trolley,Fashion,CL120321,2,pcs,Cash,425456
733,38,12/16/2023,Friday,Dompet,Kunci,231,2,pcs,Cash,282090
734,49,12/16/2023,Friday,Handbag,Fashion,2899,2,pcs,Cashless,48036
735,34,12/15/2023,Thursday,Handbag,Koin,2921,2,pcs,Cashless,146878
736,24,12/12/2023,Wednesday,Trolley,GC,8291,2,pcs,Cash,179004
737,30,12/25/2023,Saturday,Ransel,Gyd,3102,2,pcs,Cashless,90438
738,28,12/2/2023,Tuesday,Bag,LV,7423,2,pcs,Cash,248960
739,56,12/14/2023,Tuesday,Dompet,GW,91820LOP,2,pcs,Cashless,198400
740,30,12/29/2023,Saturday,Bag,Fashion,8PKSL,1,pcs,Cashless,468260
741,36,12/22/2023,Sunday,Dompet,KP,1028,2,pcs,Cash,345304
742,29,12/7/2023,Monday,Bag,LC,HA777,3,pcs,Cash,243482
743,25,12/7/2023,Sunday,Dompet,sport,RLSH,2,pcs,Cashless,280927
744,53,12/29/2023,Thursday,Dompet,TB,2931,2,pcs,Cashless,424469
745,35,12/23/2023,Monday,Bag,LV,8021,2,pcs,Cashless,154959
746,37,12/1/2023,Monday,Bag,Fashion,425,2,pcs,Cash,188870
747,37,12/2/2023,Tuesday,Handbag,LC,9928,2,pcs,Cash,29344
748,39,12/11/2023,Saturday,Dompet,CH,88098,2,pcs,Cashless,305694
749,26,12/20/2023,Tuesday,Bag,Kunci,2819,2,pcs,Cashless,184501
750,29,12/9/2023,Thursday,Dompet,Kunci,HA777,1,pcs,Cashless,347445
751,34,12/12/2023,Tuesday,Handbag,Fashion,7215,2,pcs,Cash,359179
752,31,12/25/2023,Wednesday,Ransel,CK,S001,2,pcs,Cashless,279202
753,37,12/24/2023,Tuesday,Bag,Fashion,74,2,pcs,Cashless,180157
754,35,12/19/2023,Saturday,Ransel,CK,2218,2,pcs,Cash,275868
755,35,12/7/2023,Friday,Bag,Jeep,89128,2,pcs,Cash,231331
756,38,12/14/2023,Saturday,Dompet,Kp,61890,3,pcs,Cashless,247112
757,25,12/15/2023,Sunday,Handbag,GC,4531,2,pcs,Cashless,0
758,41,12/14/2023,Sunday,Bag,LV,811,2,pcs,Cash,348283
759,23,12/15/2023,Saturday,Bag,Fashion,T2932,2,pcs,Cash,261607
760,33,12/29/2023,Saturday,Handbag,CH,Kunci,2,pcs,Cash,276560
761,32,12/31/2023,Friday,Bag,Fashion,2023,2,pcs,Cashless,139790
762,46,12/25/2023,Tuesday,Bag,LCST,60223,2,pcs,Cashless,587105
763,37,12/30/2023,Monday,Bag,CK,6821,2,pcs,Cashless,444278
764,43,12/19/2023,Friday,Bag,CH,RLSH,2,pcs,Cash,529320
765,35,12/30/2023,Sunday,Bag,Set,93210,3,pcs,Cash,263766
766,24,12/23/2023,Sunday,Bag,GW,609,2,pcs,Cash,297410
767,35,12/19/2023,Sunday,Gantungan,LC,B1349,2,pcs,Cashless,312223
768,25,12/2/2023,Friday,Slingback,CH,40156,2,pcs,Cash,296198
769,26,12/7/2023,Saturday,Dompet,CH,2445,2,pcs,Cashless,69061
770,42,12/28/2023,Saturday,Bag,GC,8PKSL,2,pcs,Cashless,384811
771,33,12/27/2023,Monday,Dompet,LB,88932,2,pcs,Cashless,323459
772,21,12/30/2023,Saturday,Bag,Jeep,9026-1,2,pcs,Cash,260282
773,29,12/29/2023,Tuesday,Bag,Gyd,948,3,pcs,Cash,491917
774,31,12/28/2023,Saturday,Ransel,Kartu,2920,2,pcs,Cashless,495422
775,30,12/29/2023,Thursday,Bag,GC,71LOP0,2,pcs,Cashless,398627
776,29,12/12/2023,Wednesday,Dompet,CH,674,2,pcs,Cash,364228
777,36,12/1/2023,Saturday,Bag,Kartu,Y8074,2,pcs,Cash,281155
778,26,12/15/2023,Friday,Bag,CH,505822,3,pcs,Cashless,279278
779,30,12/1/2023,Sunday,Dompet,KP,6935,2,pcs,Cashless,247548
780,39,12/30/2023,Sunday,Dompet,Tumi,2048,2,pcs,Cash,401271
781,43,12/17/2023,Sunday,Bag,LC,320,2,pcs,Cashless,212121
782,37,12/31/2023,Thursday,Bag,Gyd,88098,2,pcs,Cashless,379051
783,35,12/15/2023,Wednesday,Bag,MB,60123,2,pcs,Cash,308030
784,39,12/23/2023,Friday,Dompet,LV,71LOP0,2,pcs,Cashless,387941
785,35,12/19/2023,Tuesday,Dompet,CH,6935,2,pcs,Cash,300326
786,47,12/25/2023,Friday,Bag,KP,71LOP0,2,pcs,Cash,296341
787,26,12/15/2023,Thursday,Bag,LV,RLSH,1,pcs,Cash,261849
788,26,12/7/2023,Sunday,Bag,BLY,CL120321,2,pcs,Cash,230650
789,26,12/12/2023,Wednesday,Ransel,YSL,2038,2,pcs,Cash,231878
790,27,12/17/2023,Saturday,Bag,Tote,16935,2,pcs,Cashless,123378
791,30,12/14/2023,Friday,Slingbag,LC,230892,2,pcs,Cash,299776
792,38,12/28/2023,Tuesday,Bag,LC,61890,2,pcs,Cashless,258156
793,37,12/23/2023,Sunday,Handbag,LV,71LOP0,3,pcs,Cashless,155216
794,28,12/16/2023,Thursday,Bag,Set,2948,2,pcs,Cash,364156
795,19,12/11/2023,Sunday,Dompet,LC,C291,2,pcs,Cash,366081
796,35,12/1/2023,Thursday,Dompet,LV,662,2,pcs,Cashless,401731
797,49,12/18/2023,Thursday,Bag,cwk,1,2,pcs,Cashless,423888
798,51,12/5/2023,Thursday,Dompet,LC,6029,2,pcs,Cashless,365976
799,25,12/5/2023,Wednesday,Gantungan,CH,2899,2,pcs,Cash,433198
800,26,12/15/2023,Monday,Bag,LC,4,2,pcs,Cash,491654
801,23,12/30/2023,Thursday,Gantungan,LC,505822,3,pcs,Cashless,333328
802,35,12/5/2023,Saturday,Dompet,Jeep,89128,2,pcs,Cash,183505
803,17,12/18/2023,Saturday,Bag,Fashion,H-3221,2,pcs,Cash,363841
804,57,12/25/2023,Tuesday,Dompet,GW,60123,2,pcs,Cashless,357380
805,43,12/8/2023,Friday,Dompet,HP,3123,2,pcs,Cashless,124748
806,34,12/14/2023,Monday,Dompet,Set,T3020,2,pcs,Cash,265123
807,44,12/18/2023,Saturday,Ransel,CH,GC,2,pcs,Cashless,163380
808,21,12/5/2023,Saturday,Bag,HP,60123,2,pcs,Cashless,232466
809,27,12/22/2023,Wednesday,Slingbag,CH,3102,2,pcs,Cash,367750
810,49,12/17/2023,Saturday,Bag,LC,312,2,pcs,Cash,187359
811,40,12/26/2023,Saturday,Ransel,CK,606,2,pcs,Cashless,268530
812,22,12/2/2023,Thursday,Bag,TB,383,2,pcs,Cash,202226
813,33,12/7/2023,Friday,Bag,LV,1028,2,pcs,Cashless,411422
814,22,12/23/2023,Tuesday,Bag,Fashion,60012,2,pcs,Cashless,200152
815,45,12/19/2023,Wednesday,Ransel,LV,320,2,pcs,Cashless,0
816,43,12/23/2023,Friday,Handbag,Armn,"20""",2,pcs,Cash,0
817,30,12/9/2023,Saturday,Dompet,GW,6905,2,pcs,Cashless,442478
818,26,12/22/2023,Thursday,Dompet,Kp,6905,2,pcs,Cash,217515
819,48,12/29/2023,Wednesday,Bag,LC,91820LOP,2,pcs,Cash,384380
820,41,12/7/2023,Thursday,Bag,LC,3105,1,pcs,Cashless,184829
821,29,12/26/2023,Tuesday,Dompet,LC,2048,2,pcs,Cashless,249165
822,32,12/26/2023,Friday,Dompet,CK,60223,2,pcs,Cash,164577
823,29,12/15/2023,Saturday,Bag,CH,88098,2,pcs,Cash,278198
824,29,12/2/2023,Tuesday,Dompet,Kunci,U09LO,2,pcs,Cash,560299
825,21,12/23/2023,Saturday,Slingbag,Gyd,425,1,pcs,Cashless,205473
826,32,12/18/2023,Saturday,Bag,LV,L2931,2,pcs,Cashless,248417
827,31,12/15/2023,Sunday,Dompet,LV,91KLPO,2,pcs,Cash,303720
828,46,12/25/2023,Thursday,Bag,GW,8PKSL,3,pcs,Cash,345198
829,37,12/7/2023,Saturday,Ransel,Tumi,8PKSL,2,pcs,Cash,435469
830,44,12/22/2023,Friday,Dompet,GW,6029,2,pcs,Cash,301854
831,48,12/11/2023,Wednesday,Slingbag,LC,L0918J,2,pcs,Cashless,366256
832,41,12/29/2023,Monday,Bag,LC,625,2,pcs,Cashless,372032
833,25,12/17/2023,Wednesday,Bag,Cover,1728,2,pcs,Cash,427815
834,38,12/8/2023,Friday,Dompet,HM,1,2,pcs,Cash,244267
835,44,12/26/2023,Saturday,Bag,HP,71LOP0,2,pcs,Cash,311108
836,22,12/8/2023,Saturday,Dompet,set,71LOP0,2,pcs,Cash,177463
837,35,12/27/2023,Sunday,Bag,LV,KP1U8,2,pcs,Cashless,75323
838,28,12/23/2023,Sunday,Bag,CK,71LOP0,2,pcs,Cash,469957
839,40,12/14/2023,Tuesday,Bag,Kartu,G09,2,pcs,Cashless,387189
840,30,12/24/2023,Sunday,Bag,Gyd,5801,2,pcs,Cashless,315424
841,33,12/22/2023,Thursday,Dompet,HP,5631,2,pcs,Cash,357025
842,39,12/26/2023,Friday,Bag,LC,309,2,pcs,Cash,176658
843,54,12/11/2023,Friday,Dompet,Fashion,L31212,2,pcs,Cashless,524737
844,42,12/8/2023,Monday,Dompet,GC,7542,3,pcs,Cash,49070
845,29,12/1/2023,Saturday,Bag,Fashion,6821,2,pcs,Cash,188828
846,39,12/18/2023,Friday,Gantungan,LC,1123,3,pcs,Cash,281180
847,40,12/4/2023,Friday,Dompet,Gyd,8802,2,pcs,Cash,162222
848,40,12/24/2023,Sunday,Bag,CH,T7273,2,pcs,Cash,308466
849,31,12/22/2023,Saturday,Bag,Kp,9382,2,pcs,Cashless,335496
850,35,12/10/2023,Thursday,Dompet,CH,8PKSL,2,pcs,Cashless,277761
851,43,12/20/2023,Monday,Trolley,fashion,60017,2,pcs,Cashless,309874
852,30,12/3/2023,Saturday,Dompet,BLY,9821,2,pcs,Cashless,156476
853,41,12/19/2023,Wednesday,Trolley,LV,6602,2,pcs,Cash,149557
854,43,12/30/2023,Tuesday,Bag,Kartu,FLB76,1,pcs,Cash,64261
855,45,12/3/2023,Tuesday,Bag,TM,8009,2,pcs,Cashless,165316
856,36,12/3/2023,Friday,Dompet,LV,1,2,pcs,Cashless,31081
857,35,12/31/2023,Tuesday,Dompet,Boss,6935,2,pcs,Cashless,143080
858,40,12/23/2023,Sunday,Ransel,LC,1,2,pcs,Cash,502497
859,24,12/1/2023,Monday,Bag,Gyd,CL120321,2,pcs,Cashless,262931
860,44,12/16/2023,Thursday,Dompet,LC,6935,3,pcs,Cashless,487273
861,36,12/4/2023,Tuesday,Bag,LC,118,2,pcs,Cashless,363411
862,28,12/18/2023,Sunday,Bag,LC,88098,2,pcs,Cashless,213101
863,28,12/24/2023,Saturday,Bag,LC,9810W,3,pcs,Cash,271254
864,48,12/29/2023,Thursday,Ransel,BB,1,2,pcs,Cash,214879
865,51,12/1/2023,Wednesday,Bag,Kp,5631,2,pcs,Cash,17638
866,27,12/2/2023,Sunday,Bag,Bly,8492,2,pcs,Cash,416590
867,45,12/12/2023,Tuesday,Trolley,CH,L2931,2,pcs,Cashless,361795
868,24,12/26/2023,Monday,Dompet,Kartu,89128,2,pcs,Cashless,215325
869,45,12/7/2023,Sunday,Bag,BLCG,L-3922,2,pcs,Cash,657923
870,40,12/2/2023,Thursday,Dompet,Kartu,3201,2,pcs,Cash,256898
871,56,12/29/2023,Thursday,Dompet,Elgini,H-3221,2,pcs,Cash,171743
872,22,12/30/2023,Saturday,Dompet,LV,71LOP0,2,pcs,Cash,150003
873,51,12/28/2023,Friday,Bag,CH,6611,2,pcs,Cash,232328
874,44,12/8/2023,Friday,Bag,LC,6611,2,pcs,Cashless,315320
875,33,12/13/2023,Tuesday,Bag,LV,2932,2,pcs,Cash,103339
876,44,12/2/2023,Tuesday,Dompet,HP,7542,2,pcs,Cashless,239959
877,23,12/30/2023,Sunday,Dompet,GW,2899,2,pcs,Cashless,262557
878,22,12/16/2023,Friday,Bag,LC,40156,3,pcs,Cash,336449
879,46,12/7/2023,Friday,Gantungan,Set,7423,2,pcs,Cashless,130704
880,42,12/8/2023,Friday,Dompet,Kartu,2948,2,pcs,Cash,81800
881,45,12/12/2023,Saturday,Bag,CK,3201,2,pcs,Cashless,316640
882,36,12/23/2023,Tuesday,Dompet,CH,7470,2,pcs,Cash,255896
883,38,12/24/2023,Monday,Dompet,TB,91820LOP,2,pcs,Cash,281356
884,19,12/25/2023,Wednesday,Bag,LV,83838,2,pcs,Cash,280355
885,29,12/24/2023,Saturday,Bag,HM,2038,2,pcs,Cashless,383802
886,34,12/25/2023,Thursday,Bag,LC,T3020,2,pcs,Cashless,173792
887,44,12/15/2023,Friday,Bag,Fashion,3929,2,pcs,Cashless,174934
888,49,12/19/2023,Sunday,Bag,set,KSN91,2,pcs,Cashless,166692
889,53,12/13/2023,Saturday,Bag,Kp,2408,2,pcs,Cashless,240913
890,34,12/2/2023,Saturday,Dompet,Fashion,CCH,1,pcs,Cashless,160
891,37,12/28/2023,Saturday,Slingbag,CK,1092,2,pcs,Cash,251329
892,41,12/10/2023,Sunday,Bag,LV,505822,2,pcs,Cash,123954
893,38,12/23/2023,Saturday,Dompet,LB,89128,2,pcs,Cash,141197
894,22,12/7/2023,Tuesday,Bag,Kp,7542,2,pcs,Cash,355281
895,26,12/24/2023,Sunday,Dompet,NY,T2932,1,pcs,Cashless,131963
896,38,12/9/2023,Sunday,Bag,GW,9416,2,pcs,Cash,278211
897,31,12/1/2023,Friday,Dompet,BLCG,61890,2,pcs,Cashless,265248
898,34,12/1/2023,Saturday,Dompet,Koin,DPT9,2,pcs,Cashless,269148
899,41,12/14/2023,Saturday,Bag,Nobol,674,2,pcs,Cashless,388705
900,26,12/23/2023,Thursday,Bag,Kp,89128,2,pcs,Cashless,345776
901,42,12/23/2023,Saturday,Dompet,LV,37231,2,pcs,Cash,102572
902,20,12/21/2023,Friday,Bag,LV,5631,2,pcs,Cashless,298943
903,40,12/2/2023,Wednesday,Bag,CH,U09LO,3,pcs,Cashless,240895
904,22,12/4/2023,Saturday,Bag,Set,88892,2,pcs,Cash,396705
905,51,12/24/2023,Saturday,Bag,CH,46332,2,pcs,Cashless,476323
906,48,12/10/2023,Tuesday,Dompet,Set,61890,3,pcs,Cash,15437
907,29,12/23/2023,Sunday,Bag,MB,3811,2,pcs,Cash,0
908,41,12/23/2023,Friday,Bag,Fashion,1038,2,pcs,Cashless,196066
909,22,12/5/2023,Friday,Dompet,GW,4,2,pcs,Cashless,328846
910,38,12/2/2023,Tuesday,Bag,sport,61890,2,pcs,Cashless,200025
911,28,12/19/2023,Friday,Bag,GC,2020,3,pcs,Cash,262772
912,48,12/19/2023,Friday,Ransel,LV,7731,2,pcs,Cash,382127
913,38,12/29/2023,Saturday,Gantungan,Fashion,60123,2,pcs,Cashless,265975
914,32,12/19/2023,Saturday,Bag,CK,2408,2,pcs,Cash,330184
915,26,12/14/2023,Friday,Bag,Gyd,C2032,2,pcs,Cashless,360179
916,37,12/18/2023,Friday,Slingbag,LC,2021,2,pcs,Cash,381271
917,42,12/8/2023,Tuesday,Bag,MB,6211,2,pcs,Cashless,316172
918,43,12/5/2023,Sunday,Bag,Kp,2924,2,pcs,Cashless,108508
919,40,12/22/2023,Saturday,Bag,LC,1030,2,pcs,Cash,484404
920,31,12/23/2023,Tuesday,Bag,Kunci,T503,2,pcs,Cashless,251953
921,31,12/30/2023,Monday,Dompet,Fashion,8YU61,3,pcs,Cashless,75620
922,40,12/24/2023,Saturday,Dompet,LC,2948,2,pcs,Cashless,374572
923,45,12/8/2023,Tuesday,Bag,CK,2301,2,pcs,Cashless,437589
924,43,12/25/2023,Thursday,Bag,Nobol,60123,2,pcs,Cashless,273899
925,40,12/24/2023,Monday,Dompet,Fashion,89128,2,pcs,Cashless,207538
926,41,12/26/2023,Tuesday,Bag,LV,2021,2,pcs,Cashless,283508
927,39,12/10/2023,Sunday,Bag,CH,3123,2,pcs,Cashless,200626
928,26,12/3/2023,Thursday,Bag,LV,FLB76,2,pcs,Cashless,173288
929,32,12/19/2023,Friday,Slingbag,pakaian,PLO78,2,pcs,Cash,231880
930,36,12/23/2023,Tuesday,Bag,Koin,2391,2,pcs,Cashless,403220
931,47,12/31/2023,Thursday,Ransel,CK,8210,2,pcs,Cash,368220
932,21,12/23/2023,Thursday,Dompet,Tumi,6352,3,pcs,Cashless,220468
933,25,12/23/2023,Saturday,Dompet,Kartu,KSN91,2,pcs,Cash,390447
934,40,12/7/2023,Monday,Bag,Kartu,8PKSL,2,pcs,Cashless,534692
935,47,12/24/2023,Thursday,Dompet,CH,1123,2,pcs,Cash,322686
936,30,12/23/2023,Saturday,Bag,CK,SL002,2,pcs,Cash,184710
937,29,12/31/2023,Friday,Bag,Fashion,71LOP0,2,pcs,Cash,607162
938,18,12/8/2023,Sunday,Dompet,CH,4,2,pcs,Cashless,0
939,42,12/1/2023,Tuesday,Dompet,LCST,1632,2,pcs,Cash,179252
940,39,12/2/2023,Saturday,Bag,LV,93210,2,pcs,Cashless,386723
941,34,12/23/2023,Saturday,Dompet,GC,89128,2,pcs,Cash,299537
942,33,12/13/2023,Tuesday,Bag,CH,231,2,pcs,Cashless,171584
943,28,12/1/2023,Thursday,Bag,GC,2391,2,pcs,Cashless,368196
944,6,12/19/2023,Tuesday,Bag,Fashion,6935,2,pcs,Cash,264174
945,42,12/8/2023,Friday,Slingbag,Kunci,88892,2,pcs,Cashless,343750
946,22,12/8/2023,Thursday,Bag,Fashion,625,2,pcs,Cash,476581
947,36,12/18/2023,Tuesday,Bag,Fashion,9821,2,pcs,Cashless,411989
948,25,12/3/2023,Monday,Ransel,CH,1688,3,pcs,Cashless,212531
949,34,12/19/2023,Thursday,Bag,BB,231,2,pcs,Cashless,336315
950,43,12/13/2023,Friday,Ransel,Gyd,PLO78,2,pcs,Cashless,217121
951,39,12/24/2023,Sunday,Dompet,Elgini,2899,2,pcs,Cash,235509
952,34,12/14/2023,Friday,Slingbag,LC,2218,2,pcs,Cashless,289402
953,43,12/19/2023,Tuesday,Handbag,CH,61890,2,pcs,Cash,127513
954,26,12/23/2023,Thursday,Dompet,CH,C2032,2,pcs,Cash,685854
955,39,12/19/2023,Wednesday,Dompet,Fashion,89128,2,pcs,Cashless,312156
956,25,12/10/2023,Saturday,Bag,LC,6611,2,pcs,Cashless,225312
957,28,12/24/2023,Sunday,Dompet,CH,6935,2,pcs,Cashless,162076
958,40,12/10/2023,Sunday,Bag,CH,9812,2,pcs,Cashless,163776
959,44,12/8/2023,Tuesday,Gantungan,LB,68291,2,pcs,Cash,311305
960,26,12/22/2023,Wednesday,Handbag,Jeep,625,2,pcs,Cash,221700
961,22,12/24/2023,Friday,Dompet,GC,8802,2,pcs,Cashless,468070
962,26,12/8/2023,Thursday,Bag,GC,3434,2,pcs,Cash,468381
963,46,12/19/2023,Sunday,Dompet,Pakaian,"20""",3,pcs,Cashless,341759
964,35,12/2/2023,Monday,Bag,Fashion,T7273,2,pcs,Cashless,17146
965,37,12/27/2023,Saturday,Dompet,LC,88932,2,pcs,Cashless,312024
966,35,12/14/2023,Thursday,Dompet,CH,4,1,pcs,Cash,66417
967,43,12/24/2023,Saturday,Bag,CH,8PKSL,3,pcs,Cashless,16631
968,35,12/16/2023,Saturday,Trolley,Fashion,1821,1,pcs,Cash,374102
969,38,12/8/2023,Saturday,Bag,LC,B501,3,pcs,Cash,343201
970,35,12/1/2023,Monday,Dompet,Fashion,6211,2,pcs,Cash,408772
971,49,12/15/2023,Friday,Dompet,Fashion,4,2,pcs,Cashless,501261
972,40,12/13/2023,Tuesday,Bag,HP,3201,2,pcs,Cash,336971
973,40,12/15/2023,Friday,Bag,CH,GW,2,pcs,Cashless,388094
974,32,12/30/2023,Saturday,Bag,LV,6029,2,pcs,Cash,426516
975,48,12/2/2023,Friday,Bag,Gyd,6602,3,pcs,Cashless,271167
976,35,12/14/2023,Sunday,Bag,TB,4,2,pcs,Cash,297952
977,47,12/8/2023,Saturday,Bag,GW,60921,2,pcs,Cash,232442
978,37,12/23/2023,Saturday,Bag,Fashion,71LOP0,2,pcs,Cash,0
979,42,12/5/2023,Friday,Dompet,LV,6211,2,pcs,Cash,317204
980,38,12/18/2023,Tuesday,Dompet,Fashion,8YU61,3,pcs,Cash,333550
981,32,12/7/2023,Saturday,Dompet,cwk,7421,2,pcs,Cashless,346414
982,32,12/22/2023,Friday,Dompet,KP,34112,2,pcs,Cashless,242189
983,45,12/19/2023,Wednesday,Bag,Fashion,9382,3,pcs,Cashless,387066
984,42,12/22/2023,Tuesday,Handbag,Set,88932,2,pcs,Cash,171987
985,37,12/30/2023,Saturday,Ransel,Koin,2924,2,pcs,Cashless,390474
986,25,12/14/2023,Thursday,Bag,Kunci,9928,2,pcs,Cashless,136778
987,32,12/23/2023,Saturday,Bag,LV,7470,2,pcs,Cash,209721
988,44,12/1/2023,Saturday,Dompet,LV,2888,2,pcs,Cash,368073
989,40,12/15/2023,Saturday,Dompet,LC,8196,2,pcs,Cash,169687
990,29,12/24/2023,Friday,Handbag,fashion,2023,2,pcs,Cashless,614626
991,28,12/29/2023,Monday,Bag,LC,L-3902,2,pcs,Cashless,80281
992,30,12/15/2023,Saturday,Ransel,LC,GC,2,pcs,Cash,272747
993,33,12/23/2023,Sunday,Gantungan,fashion,2920,2,pcs,Cashless,300627
994,35,12/24/2023,Thursday,Dompet,Fashion,3029,2,pcs,Cashless,71781
995,30,12/30/2023,Monday,Bag,GW,8008,2,pcs,Cashless,241757
996,33,12/19/2023,Thursday,Dompet,Fashion,B1349,2,pcs,Cashless,168246
997,34,12/13/2023,Thursday,Dompet,Gyd,4,3,pcs,Cashless,111258
998,53,12/29/2023,Friday,Bag,LC,7423,2,pcs,Cash,165869
999,23,12/14/2023,Saturday,Bag,set,9812,2,pcs,Cash,402813
1000,42,12/1/2023,Wednesday,Bag,KP,3123,2,pcs,Cash,294936
